{"Mods":[{"Author":"Goonsack and osirisofinternet","Name":"Grit and Glory - Injuries, Exhaustion and Madness","Folder":"Injuries","Version":"72339077604573186","Description":"The life of an adventurer is demanding and strife with dangers; be it exhaustion, a broken leg, or going mad... it's inevitable.","UUID":"5442c1bf-c118-48bc-87f1-c90bcc024b1c","Created":"2025-08-16T19:45:51.905007+10:00","Dependencies":[],"Group":"5f170a5f-23cf-47b5-babc-6560a1801248"}],"MD5":"2f9c177386afe630c9e28fa32a719218"}