{"Mods":[{"Author":"Goonsack and osirisofinternet","Name":"Grit and Glory - Injuries, Exhaustion and Madness","Folder":"Injuries","Version":"72339077604573185","Description":"The life of an adventurer is demanding and strife with dangers; be it exhaustion, a broken leg, or going mad... it's inevitable.","UUID":"5442c1bf-c118-48bc-87f1-c90bcc024b1c","Created":"2025-08-03T02:33:09.9085362+10:00","Dependencies":[],"Group":"643c5224-8e66-441b-bec4-065b73329814"}],"MD5":"7c0050b0e26675ac93af7854e4275b5b"}