{"Mods":[{"Author":"Goonsack and osirisofinternet","Name":"Grit and Glory - Injuries, Exhaustion and Madness","Folder":"Injuries","Version":"72479806502993921","Description":"The life of an adventurer is demanding and strife with dangers; be it exhaustion, a broken leg, or going mad... it's inevitable.","UUID":"5442c1bf-c118-48bc-87f1-c90bcc024b1c","Created":"2025-09-28T17:23:05.4050611+10:00","Dependencies":[],"Group":"b4d3e6bb-54ef-448f-9827-d2f570595602"}],"MD5":"5e33504c358b73ef208233858a1aa9d7"}