{"Mods":[{"Author":"Goonsack and osirisofinternet","Name":"Grit and Glory - Injuries, Exhaustion and Madness","Folder":"Injuries","Version":"72479806502993920","Description":"The life of an adventurer is demanding and strife with dangers; be it exhaustion, a broken leg, or going mad... it's inevitable.","UUID":"5442c1bf-c118-48bc-87f1-c90bcc024b1c","Created":"2025-09-28T16:23:23.1317261+10:00","Dependencies":[],"Group":"4072f0dd-8bb4-4860-942f-7cc0379619a2"}],"MD5":"d83856ed4d4922852441924651f8638b"}