{"Mods":[{"Author":"Goonsack and osirisofinternet","Name":"Grit and Glory - Injuries, Exhaustion and Madness","Folder":"Injuries","Version":"72339077604573188","Description":"The life of an adventurer is demanding and strife with dangers; be it exhaustion, a broken leg, or going mad... it's inevitable.","UUID":"5442c1bf-c118-48bc-87f1-c90bcc024b1c","Created":"2025-08-23T20:37:26.128898+10:00","Dependencies":[],"Group":"bdaee0f6-5a9f-4b57-a989-fc22a85f26cd"}],"MD5":"ae5508af2fefa31beed336f783b0fba0"}