{"Mods":[{"Author":"Goonsack and osirisofinternet","Name":"Grit and Glory - Injuries, Exhaustion and Madness","Folder":"Injuries","Version":"72339077604573187","Description":"The life of an adventurer is demanding and strife with dangers; be it exhaustion, a broken leg, or going mad... it's inevitable.","UUID":"5442c1bf-c118-48bc-87f1-c90bcc024b1c","Created":"2025-08-17T16:58:57.3162269+10:00","Dependencies":[],"Group":"a3e27d7e-b36a-4e9c-b709-6414728eeb0e"}],"MD5":"30f8eb9224c72cbb44ff2aa4aa0d21cf"}