{"Mods":[{"Author":"Goonsack and osirisofinternet","Name":"Grit and Glory - Injuries, Exhaustion and Madness","Folder":"Injuries","Version":"72479806502993920","Description":"The life of an adventurer is demanding and strife with dangers; be it exhaustion, a broken leg, or going mad... it's inevitable.","UUID":"5442c1bf-c118-48bc-87f1-c90bcc024b1c","Created":"2025-09-28T04:35:51.5334486+10:00","Dependencies":[],"Group":"ef5cafc7-c547-4ec2-999b-0b3407540aea"}],"MD5":"478c64044161dccf9ea7802d3cc7138a"}