{"Mods":[{"Author":"Goonsack and osirisofinternet","Name":"Grit and Glory - Injuries, Exhaustion and Madness","Folder":"Injuries","Version":"72339077604573184","Description":"The life of an adventurer is demanding and strife with dangers; be it exhaustion, a broken leg, or going mad... it's inevitable.","UUID":"5442c1bf-c118-48bc-87f1-c90bcc024b1c","Created":"2025-08-01T01:27:09.534407+10:00","Dependencies":[],"Group":"1a16cf9f-9679-408f-8601-c01044e24f56"}],"MD5":"d4aefc2c363d9a04b6e3440e50e1b970"}