{"Mods":[{"Author":"Goonsack and osirisofinternet","Name":"Injuries Combat Sleep Patch","Folder":"Injuries Combat Sleep Patch","Version":"72339077604573188","Description":"The life of an adventurer is demanding and strife with dangers; be it exhaustion, a broken leg, or going mad... it's inevitable.","UUID":"15902445-1a61-40f1-a007-37f37ce8fe5a","Created":"2025-08-23T20:30:36.5279794+10:00","Dependencies":[],"Group":"30ca4591-3951-4dec-a01a-f290bf39db50"}],"MD5":"c39a52d5240f0ac55269f03706fc862f"}