{"Mods":[{"Author":"Goonsack and osirisofinternet","Name":"Injuries Combat Sleep Patch","Folder":"Injuries Combat Sleep Patch","Version":"36028797018963968","Description":"The life of an adventurer is demanding and strife with dangers; be it exhaustion, a broken leg, or going mad... it's inevitable.","UUID":"15902445-1a61-40f1-a007-37f37ce8fe5a","Created":"2025-02-26T16:25:41.2273395+11:00","Dependencies":[],"Group":"d444280f-411a-4fb2-973f-dfd5c8e1d8bb"}],"MD5":"a21543e6780dcbce34e9b49245dadca0"}