{"Mods":[{"Author":"Goonsack and osirisofinternet","Name":"Injuries Combat Sleep Patch","Folder":"Injuries Combat Sleep Patch","Version":"36028797018963968","Description":"The life of an adventurer is demanding and strife with dangers; be it exhaustion, a broken leg, or going mad... it's inevitable.","UUID":"15902445-1a61-40f1-a007-37f37ce8fe5a","Created":"2025-02-26T17:12:18.1643963+11:00","Dependencies":[],"Group":"0698785a-a280-4e70-b426-407c48a5dacc"}],"MD5":"a21543e6780dcbce34e9b49245dadca0"}