{"Mods":[{"Author":"Goonsack and osirisofinternet","Name":"Injuries Combat Sleep Patch","Folder":"Injuries Combat Sleep Patch","Version":"36028797018963968","Description":"The life of an adventurer is demanding and strife with dangers; be it exhaustion, a broken leg, or going mad... it's inevitable.","UUID":"15902445-1a61-40f1-a007-37f37ce8fe5a","Created":"2025-02-23T10:44:42.6967628+11:00","Dependencies":[],"Group":"1c81d5ad-b4f6-45b1-ac5b-e1a750c9e78c"}],"MD5":"a21543e6780dcbce34e9b49245dadca0"}