{"Mods":[{"Author":"Goonsack and osirisofinternet","Name":"Injuries JWL Discordant Instruments Patch","Folder":"Injuries JWL Discordant Instruments Patch","Version":"72339077604573188","Description":"The life of an adventurer is demanding and strife with dangers; be it exhaustion, a broken leg, or going mad... it's inevitable.","UUID":"f32b58b4-e101-4263-a82b-5f0fe1926064","Created":"2025-08-23T20:37:21.9225537+10:00","Dependencies":[],"Group":"891cae04-e75c-4e4b-ae0f-551b4f630396"}],"MD5":"dd33d4fb0d6a02b837b7be8f31b1d639"}