{"Mods":[{"Author":"Goonsack and osirisofinternet","Name":"Injuries JWL Discordant Instruments Patch","Folder":"Injuries JWL Discordant Instruments Patch","Version":"36028797018963968","Description":"The life of an adventurer is demanding and strife with dangers; be it exhaustion, a broken leg, or going mad... it's inevitable.","UUID":"f32b58b4-e101-4263-a82b-5f0fe1926064","Created":"2025-02-19T13:28:21.4492512+11:00","Dependencies":[],"Group":"959dec0a-3b52-4ab5-9879-6787e1c05666"}],"MD5":"f93caa628d3ee7001c4f76262b803150"}